[
  {
    "title": "Dashboard",
    "page": "Dashboard",
    "icon": "",
    "isDefault": true
  },
  {
    "title": "Profissionais",
    "page": "Professionals",
    "icon": ""
  },
  {
    "title": "Agendamentos",
    "page": "Appointments",
    "icon": ""
  },
  {
    "title": "Financeiro",
    "page": "Finances",
    "icon": ""
  },
  {
    "title": "Clientes",
    "page": "Clients",
    "icon": ""
  },
  {
    "title": "Configuração",
    "page": "Configuration",
    "icon": ""
  }
]
